query_id,query_name,query_annotation,control_query_id
pWJ2200,GAL1p-RAD5,plasmids,pWJ1781
pWJ2230,"GAL1p-rad5-D681A,D682A",plasmids,pWJ1781
pWJ2231,GAL1p-rad5-I916A,plasmids,pWJ1781
pWJ2233,GAL1p-rad5-N164Delta,plasmids,pWJ1781
pWJ2234,GAL1p-rad5-N293Delta,plasmids,pWJ1781
pWJ2235,GAL1p-rad5-N904Delta,plasmids,pWJ1781
pWJ2236,GAL1p-rad5-N983Delta,plasmids,pWJ1781
pWJ2237,GAL1p-rad5-C990Delta,plasmids,pWJ1781
pWJ2238,GAL1p-rad5-Q1106D,plasmids,pWJ1781
pWJ2200-C411Delta,GAL1p-rad5-C411Delta,plasmids,pWJ1781
pWJ2200-C490Delta,GAL1p-rad5-C490Delta,plasmids,pWJ1781
pWJ2200-C783Delta,GAL1p-rad5-C783Delta,plasmids,pWJ1781
pWJ2200-S20A,GAL1p-rad5-S20A,plasmids,pWJ1781
pWJ2200-S23E,GAL1p-rad5-S23E,plasmids,pWJ1781
pWJ2200-S129A,GAL1p-rad5-S129A,plasmids,pWJ1781
pWJ2200-S129E,GAL1p-rad5-S129E,plasmids,pWJ1781
pWJ2200-S130A,GAL1p-rad5-S130A,plasmids,pWJ1781
pWJ2200-S130E,GAL1p-rad5-S130E,plasmids,pWJ1781
pWJ2200-184A,GAL1p-rad5-184A,plasmids,pWJ1781
pWJ2200-186A,GAL1p-rad5-186A,plasmids,pWJ1781
pWJ2200-187A,GAL1p-rad5-187A,plasmids,pWJ1781
pWJ2200-188A,GAL1p-rad5-188A,plasmids,pWJ1781
pWJ2200-208A,GAL1p-rad5-208A,plasmids,pWJ1781
pWJ2200-209A,GAL1p-rad5-209A,plasmids,pWJ1781
pWJ2200-211A,GAL1p-rad5-211A,plasmids,pWJ1781
pWJ2200-212A,GAL1p-rad5-212A,plasmids,pWJ1781
pWJ2200-213A,GAL1p-rad5-213A,plasmids,pWJ1781
pWJ2200-214A,GAL1p-rad5-214A,plasmids,pWJ1781
pWJ2200-215A,GAL1p-rad5-215A,plasmids,pWJ1781
pWJ2200-216A,GAL1p-rad5-216A,plasmids,pWJ1781
pWJ2200-217A,GAL1p-rad5-217A,plasmids,pWJ1781
pWJ2200-218A,GAL1p-rad5-218A,plasmids,pWJ1781
pWJ2200-219A,GAL1p-rad5-219A,plasmids,pWJ1781
pWJ2200-220A,GAL1p-rad5-220A,plasmids,pWJ1781
pWJ2200-221A,GAL1p-rad5-221A,plasmids,pWJ1781
pWJ2200-223A,GAL1p-rad5-223A,plasmids,pWJ1781
pWJ2200-224A,GAL1p-rad5-224A,plasmids,pWJ1781
pWJ2200-227A,GAL1p-rad5-227A,plasmids,pWJ1781
pWJ2200-228A,GAL1p-rad5-228A,plasmids,pWJ1781
pWJ2200-229A,GAL1p-rad5-229A,plasmids,pWJ1781
pWJ2200-230A,GAL1p-rad5-230A,plasmids,pWJ1781
pWJ2200-231A,GAL1p-rad5-231A,plasmids,pWJ1781
pWJ2200-232A,GAL1p-rad5-232A,plasmids,pWJ1781
pWJ2200-241A,GAL1p-rad5-241A,plasmids,pWJ1781
pWJ2200-242A,GAL1p-rad5-242A,plasmids,pWJ1781
pWJ2200-243A,GAL1p-rad5-243A,plasmids,pWJ1781
pWJ2200-244A,GAL1p-rad5-244A,plasmids,pWJ1781
pWJ2200-245A,GAL1p-rad5-245A,plasmids,pWJ1781
pWJ2200-271A,GAL1p-rad5-271A,plasmids,pWJ1781
pWJ2200-273A,GAL1p-rad5-273A,plasmids,pWJ1781
pWJ2200-274A,GAL1p-rad5-274A,plasmids,pWJ1781
pWJ2200-275A,GAL1p-rad5-275A,plasmids,pWJ1781
pWJ2200-276A,GAL1p-rad5-276A,plasmids,pWJ1781
pWJ2200-D681A,GAL1p-rad5-D681A,plasmids,pWJ1781
pWJ2200-E682A,GAL1p-rad5-E682A,plasmids,pWJ1781
