primer_id,alias,sequence,description,owner,notes
VPS74-A,VPS74-F,ggaattccagctgaccaccgAATCATGTCTACTTTACAACG,Forward primer with A adaptamer. For ORF cloning.,Eric Bryant,
VPS74-B,,gatccccgggaattgccatggCAATGAATACGAATGTGG,Reverse primer with B adaptamer. For ORF cloning.,Eric Bryant,
VPS74-S1,,ATCAGAATCTTAGATGATTCC,Forward internal sequencing primer.,Eric Bryant,
VPS74-S2,,AGTACTTTCTGTACTCGTATCG,Forward internal sequencing primer.,Eric Bryant,
VPS74-FLAG-A,,ggaattccagctgaccaccgATGgactacaaagacgatgacgacaagTCTACTTTACAACGTCGTAGAG,Forward primer with A adaptamer. For N-terminal FLAG tagging.,Eric Bryant,
VPS74-FLAG-B,,gatccccgggaattgccatgTCActtgtcgtcatcgtctttgtagtcTAATAGCATATCCATTCTTGAAAAG,Reverse primer with B adaptamer. For C-terminal FLAG tagging.,Eric Bryant,
vps74-S14A-mutF,,AGAGTCAATAGGGCGGATgctGGAGATACTTCCTCCATTCA,Forward vps74-S14A mutagenic primer,Eric Bryant,
vps74-S14A-mutR,,TGAATGGAGGAAGTATCTCCagcATCCGCCCTATTGACTCT,Reverse vps74-S14A mutagenic primer,Eric Bryant,
vps74-S14E-mutF,,AGAGTCAATAGGGCGGATgaaGGAGATACTTCCTCCATTCA,Forward vps74-S14E mutagenic primer,Eric Bryant,
vps74-S14E-mutR,,TGAATGGAGGAAGTATCTCCttcATCCGCCCTATTGACTCT,Reverse vps74-S14E mutagenic primer,Eric Bryant,
vps74-T17A-mutF,,AGGGCGGATTCTGGAGATgctTCCTCCATTCATTCTTCTGC,Forward vps74-T17A mutagenic primer,Eric Bryant,
vps74-T17A-mutR,,GCAGAAGAATGAATGGAGGAagcATCTCCAGAATCCGCCCT,Reverse vps74-T17A mutagenic primer,Eric Bryant,
vps74-T17E-mutF,,AGGGCGGATTCTGGAGATgaaTCCTCCATTCATTCTTCTGC,Forward vps74-T17E mutagenic primer,Eric Bryant,
vps74-T17E-mutR,,GCAGAAGAATGAATGGAGGAttcATCTCCAGAATCCGCCCT,Reverse vps74-T17E mutagenic primer,Eric Bryant,
vps74-S18A-mutF,,GCGGATTCTGGAGATACTgctTCCATTCATTCTTCTGCTAAC,Forward vps74-S18A mutagenic primer,Eric Bryant,
vps74-S18A-mutR,,GTTAGCAGAAGAATGAATGGAagcAGTATCTCCAGAATCCGC,Reverse vps74-S18A mutagenic primer,Eric Bryant,
vps74-S18E-mutF,,GCGGATTCTGGAGATACTgaaTCCATTCATTCTTCTGCTAAC,Forward vps74-S18E mutagenic primer,Eric Bryant,
vps74-S18E-mutR,,GTTAGCAGAAGAATGAATGGAttcAGTATCTCCAGAATCCGC,Reverse vps74-S18E mutagenic primer,Eric Bryant,
vps74-S19A-mutF,,CGGATTCTGGAGATACTTCCgctATTCATTCTTCTGCTAACAATACC,Forward vps74-S19A mutagenic primer,Eric Bryant,
vps74-S19A-mutR,,GGTATTGTTAGCAGAAGAATGAATagcGGAAGTATCTCCAGAATCCG,Reverse vps74-S19A mutagenic primer,Eric Bryant,
vps74-S19E-mutF,,CGGATTCTGGAGATACTTCCgaaATTCATTCTTCTGCTAACAATACC,Forward vps74-S19E mutagenic primer,Eric Bryant,
vps74-S19E-mutR,,GGTATTGTTAGCAGAAGAATGAATttcGGAAGTATCTCCAGAATCCG,Reverse vps74-S19E mutagenic primer,Eric Bryant,
"vps74-17,18,19A-F",,AGGGCGGATTCTGGAGATgctgctgctATTCATTCTTCTGCTAACAATACC,"Forward vps74-17,18,19A mutagenic primer",Eric Bryant,
"vps74-17,18,19A-R",,GGTATTGTTAGCAGAAGAATGAATagcagcagcATCTCCAGAATCCGCCCT,"Reverse vps74-17,18,19A mutagenic primer",Eric Bryant,
"vps74-17,18,19E-F",,AGGGCGGATTCTGGAGATgaagaagaaATTCATTCTTCTGCTAACAATACC,"Forward vps74-17,18,19E mutagenic primer",Eric Bryant,
"vps74-17,18,19E-R",,GGTATTGTTAGCAGAAGAATGAATttcttcttcATCTCCAGAATCCGCCCT,"Reverse vps74-17,18,19E mutagenic primer",Eric Bryant,
vps74-S22A-mutF,,GGAGATACTTCCTCCATTCATgctTCTGCTAACAATACCAAAGGAG,Forward vps74-S22A mutagenic primer,Eric Bryant,
vps74-S22A-mutR,,CTCCTTTGGTATTGTTAGCAGAagcATGAATGGAGGAAGTATCTCC,Reverse vps74-S22A mutagenic primer,Eric Bryant,
vps74-S22E-mutF,,GGAGATACTTCCTCCATTCATgaaTCTGCTAACAATACCAAAGGAG,Forward vps74-S22E mutagenic primer,Eric Bryant,
vps74-S22E-mutR,,CTCCTTTGGTATTGTTAGCAGAttcATGAATGGAGGAAGTATCTCC,Reverse vps74-S22E mutagenic primer,Eric Bryant,
vps74-S23A-mutF,,GATACTTCCTCCATTCATTCTgctGCTAACAATACCAAAGGAGAC,Forward vps74-S23A mutagenic primer,Eric Bryant,
vps74-S23A-mutR,,GTCTCCTTTGGTATTGTTAGCagcAGAATGAATGGAGGAAGTATC,Reverse vps74-S23A mutagenic primer,Eric Bryant,
vps74-S23E-mutF,,GATACTTCCTCCATTCATTCTgaaGCTAACAATACCAAAGGAGAC,Forward vps74-S23E mutagenic primer,Eric Bryant,
vps74-S23E-mutR,,GTCTCCTTTGGTATTGTTAGCttcAGAATGAATGGAGGAAGTATC,Reverse vps74-S23E mutagenic primer,Eric Bryant,
vps74-T27A-mutF,,CATTCATTCTTCTGCTAACAATgctAAAGGAGACAAAATCGCAAA,Forward vps74-T27A mutagenic primer,Eric Bryant,
vps74-T27A-mutR,,TTTGCGATTTTGTCTCCTTTagcATTGTTAGCAGAAGAATGAATG,Reverse vps74-T27A mutagenic primer,Eric Bryant,
vps74-T27E-mutF,,CATTCATTCTTCTGCTAACAATgaaAAAGGAGACAAAATCGCAAA,Forward vps74-T27E mutagenic primer,Eric Bryant,
vps74-T27E-mutR,,TTTGCGATTTTGTCTCCTTTttcATTGTTAGCAGAAGAATGAATG,Reverse vps74-T27E mutagenic primer,Eric Bryant,
vps74-K28A-mutF,,TCATTCTTCTGCTAACAATACCgctGGAGACAAAATCGCAAATATTG,Forward vps74-K28A mutagenic primer,Eric Bryant,
vps74-K28A-mutR,,CAATATTTGCGATTTTGTCTCCagcGGTATTGTTAGCAGAAGAATGA,Reverse vps74-K28A mutagenic primer,Eric Bryant,
vps74-K31A-mutF,,GCTAACAATACCAAAGGAGACgctATCGCAAATATTGCTGTTG,Forward vps74-K31A mutagenic primer,Eric Bryant,
vps74-K31A-mutR,,CAACAGCAATATTTGCGATagcGTCTCCTTTGGTATTGTTAGC,Reverse vps74-K31A mutagenic primer,Eric Bryant,
vps74-T45A-mutF,,GGGGATGATGACAATGGAgctAACAAAAAGATTGCATATGACC,Forward vps74-T45A mutagenic primer,Eric Bryant,
vps74-T45A-mutR,,GGTCATATGCAATCTTTTTGTTagcTCCATTGTCATCATCCCC,Reverse vps74-T45A mutagenic primer,Eric Bryant,
vps74-T45E-mutF,,GGGGATGATGACAATGGAgaaAACAAAAAGATTGCATATGACC,Forward vps74-T45E mutagenic primer,Eric Bryant,
vps74-T45E-mutR,,GGTCATATGCAATCTTTTTGTTttcTCCATTGTCATCATCCCC,Reverse vps74-T45E mutagenic primer,Eric Bryant,
vps74-K48A-mutF,,GATGACAATGGAACAAACAAAgctATTGCATATGACCCAGAAGA,Forward vps74-K48A mutagenic primer,Eric Bryant,
vps74-K48A-mutR,,TCTTCTGGGTCATATGCAATagcTTTGTTTGTTCCATTGTCATC,Reverse vps74-K48A mutagenic primer,Eric Bryant,
vps74-K57A-mutF,,CATATGACCCAGAAGAATCGgctTTGAGAGACAACATCAATATCC,Forward vps74-K57A mutagenic primer,Eric Bryant,
vps74-K57A-mutR,,GGATATTGATGTTGTCTCTCAAagcCGATTCTTCTGGGTCATATG,Reverse vps74-K57A mutagenic primer,Eric Bryant,
vps74-K217A-mutF,,ATTGCAGACGCCAGCTGCgctGAAGCCATTAAGCGCAGA,Forward vps74-K217A mutagenic primer,Eric Bryant,
vps74-K217A-mutR,,TCTGCGCTTAATGGCTTCagcGCAGCTGGCGTCTGCAAT,Reverse vps74-K217A mutagenic primer,Eric Bryant,
vps74-N45d-FLAG-A,,ggaattccagctgaccaccgATGgactacaaagacgatgacgacaagAACAAAAAGATTGCATATGACC,Forward vps74-N45del truncation primer with A homology. Adds an N-terminal FLAG tag,Eric Bryant,
vps74-201-204d-F,,GTATTGAGAACAGAAATGAAAAATGACATGGCGACACACCCC,Forward vps74-201-204del mutagenic primer,Eric Bryant,
vps74-201-204d-R,,GGGGTGTGTCGCCATGTCATTTTTCATTTCTGTTCTCAATAC,Reverse vps74-201-204del mutagenic primer,Eric Bryant,
vps74-W88A-mutF,,AGAGAAGGATATTTGTCGTTTgctAATGATAGTATTTCATATGCTTTG,Forward vps74-W88A mutagenic primer,Eric Bryant,
vps74-W88A-mutR,,CAAAGCATATGAAATACTATCATTagcAAACGACAAATATCCTTCTCT,Reverse vps74-W88A mutagenic primer,Eric Bryant,
vps74-R97A-mutF,,GAATGATAGTATTTCATATGCTTTGgctGGTTGTATAATTATAGAATTAGCG,Forward vps74-R97A mutagenic primer,Eric Bryant,
vps74-R97A-mutR,,CGCTAATTCTATAATTATACAACCagcCAAAGCATATGAAATACTATCATTC,Reverse vps74-R97A mutagenic primer,Eric Bryant,
vps74-L170R-mutF,,TAAGTGGTGAAACATGGAACagaTTAAAGATCAACTATCAATTGAAAC,Forward vps74-L170R mutagenic primer,Eric Bryant,
vps74-L170R-mutR,,GTTTCAATTGATAGTTGATCTTTAAtctGTTCCATGTTTCACCACTTA,Reverse vps74-L170R mutagenic primer,Eric Bryant,
vps74-I173R-mutF,,GTGAAACATGGAACCTTTTAAAGagaAACTATCAATTGAAACAAGTAAGG,Forward vps74-L173R mutagenic primer,Eric Bryant,
vps74-I173R-mutR,,CCTTACTTGTTTCAATTGATAGTTtctCTTTAAAAGGTTCCATGTTTCAC,Reverse vps74-L173R mutagenic primer,Eric Bryant,
"vps74-170,173R-F",,TAAGTGGTGAAACATGGAACagaTTAAAGagaAACTATCAATTGAAACAAGTAAGG,"Forward vps74-170,173R mutagenic primer",Eric Bryant,
"vps74-170,173R-R",,CCTTACTTGTTTCAATTGATAGTTtctCTTTAAtctGTTCCATGTTTCACCACTTA,"Reverse vps74-170,173R mutagenic primer",Eric Bryant,
